record_type,evidence_type,review_status,included_in_group,left_asset_sha256,left_fid,left_text,left_audio_path,right_asset_sha256,right_fid,right_text,right_audio_path,score,threshold,margin,reasons,neighbor_evidence_json
duplicate_edge,near_text,pending_review,False,0e73b650609d95770bd62027c8b67555f0932f7542052add8be6b0cccf0bdcc7,0e73b650609d95770bd62027c8b67555f0932f7542052add8be6b0cccf0bdcc7,一旦丹炉熄灭，烟气散去，本座立即赶来。,audio/0e73b650609d95770bd62027c8b67555f0932f7542052add8be6b0cccf0bdcc7.wav,562645beba01f4c0d7a31dfd6608482fb44b3e71e9c8199b40fb3bbc80fdea98,562645beba01f4c0d7a31dfd6608482fb44b3e71e9c8199b40fb3bbc80fdea98,快去吧。一旦丹炉熄灭，烟气散去，本座立即赶来。,audio/562645beba01f4c0d7a31dfd6608482fb44b3e71e9c8199b40fb3bbc80fdea98.wav,0.8421052631578947,0.7298761609907121,0.11222910216718263,near_text_score_at_or_above_calibrated_threshold|risk:punctuation_removed|risk:named_entity_present,
duplicate_edge,near_text,pending_review,False,230edf8e30910fad3a7f3b09bd751f6f86f128963731ccdc1147f2a60a8fe5b7,230edf8e30910fad3a7f3b09bd751f6f86f128963731ccdc1147f2a60a8fe5b7,纯粹理性的乐趣所在，注定不为所有人理解。,audio/230edf8e30910fad3a7f3b09bd751f6f86f128963731ccdc1147f2a60a8fe5b7.wav,6d5e96e6c28812a78b7eeecf4e6c8576a5097b8dcb2ff3caeb7530a308b13954,6d5e96e6c28812a78b7eeecf4e6c8576a5097b8dcb2ff3caeb7530a308b13954,无妨，纯粹理性的乐趣所在，注定不为所有人理解。,audio/6d5e96e6c28812a78b7eeecf4e6c8576a5097b8dcb2ff3caeb7530a308b13954.wav,0.9,0.7298761609907121,0.17012383900928796,near_text_score_at_or_above_calibrated_threshold|risk:punctuation_removed,
duplicate_edge,near_text,pending_review,False,f773a229b1d2ec6b650559e67deb627008172d2a781bf368342ca599c43ac2c5,f773a229b1d2ec6b650559e67deb627008172d2a781bf368342ca599c43ac2c5,但，你和绘影图形里记录的样子所差无几，持明的转生真的会让人重获新生吗？,audio/f773a229b1d2ec6b650559e67deb627008172d2a781bf368342ca599c43ac2c5.wav,fcb3062c3c2e82d1be7d9be16fd6986286a0a66cd8d9181705d546deb93ba4c3,fcb3062c3c2e82d1be7d9be16fd6986286a0a66cd8d9181705d546deb93ba4c3,你和绘影图形里记录的样子所差无几，持明的转生真的会让人蜕变新生吗？,audio/fcb3062c3c2e82d1be7d9be16fd6986286a0a66cd8d9181705d546deb93ba4c3.wav,0.90625,0.7298761609907121,0.17637383900928794,near_text_score_at_or_above_calibrated_threshold|risk:punctuation_removed,
speaker_outlier,speaker_embedding,pending_review,False,f6236d60a75f9cfe3805ccd23d3e1bf20d407381a5298fbd712bff7de4b1973c,f6236d60a75f9cfe3805ccd23d3e1bf20d407381a5298fbd712bff7de4b1973c,难以置信……,audio/f6236d60a75f9cfe3805ccd23d3e1bf20d407381a5298fbd712bff7de4b1973c.wav,,,,,0.5077710476663102,,,center_cosine_below_calibrated_threshold|knn_cosine_below_calibrated_threshold,"[{""asset_sha256"":""1032d71af7b0928812ecde223e23bacf029cfe0fd94c52deb3ec8be76fb753c5"",""audio_absolute_path"":""audio/1032d71af7b0928812ecde223e23bacf029cfe0fd94c52deb3ec8be76fb753c5.wav"",""audio_relative_path"":""a2/a2000783b3f93386f5d57a7afdec71a77821872f2b616db6dda3bbc59f199368.wav"",""audio_url"":""audio/1032d71af7b0928812ecde223e23bacf029cfe0fd94c52deb3ec8be76fb753c5.wav"",""cosine"":0.6424920751848175,""duration_seconds"":4.180479166666666,""emotion_primary"":""生气_angry"",""fid"":""1032d71af7b0928812ecde223e23bacf029cfe0fd94c52deb3ec8be76fb753c5"",""text"":""哈！荒谬！竟然会有这种事……"",""text_source"":""filename_candidate_unreviewed""},{""asset_sha256"":""d3b242d18f6a0f6bb802ed235013a16ad3ee7156eec9c413cf2a9b10444a10cd"",""audio_absolute_path"":""audio/d3b242d18f6a0f6bb802ed235013a16ad3ee7156eec9c413cf2a9b10444a10cd.wav"",""audio_relative_path"":""e6/e68bedef620d82993d50d75889264a6e01658332f62238704b15d90d5e129c35.wav"",""audio_url"":""audio/d3b242d18f6a0f6bb802ed235013a16ad3ee7156eec9c413cf2a9b10444a10cd.wav"",""cosine"":0.6186091079108761,""duration_seconds"":6.2026666666666666,""emotion_primary"":""生气_angry"",""fid"":""d3b242d18f6a0f6bb802ed235013a16ad3ee7156eec9c413cf2a9b10444a10cd"",""text"":""卡芙卡与星核无关，倒是你们…居然是你们……"",""text_source"":""filename_candidate_unreviewed""},{""asset_sha256"":""02272cc79883d4f7a8fee676a5cb61289171d41af3596f5c603951c9a3e0bc82"",""audio_absolute_path"":""audio/02272cc79883d4f7a8fee676a5cb61289171d41af3596f5c603951c9a3e0bc82.wav"",""audio_relative_path"":""9b/9b3534796f57a2c35120423150670d424dcc0233beb0210ebb079afc9c5998dc.wav"",""audio_url"":""audio/02272cc79883d4f7a8fee676a5cb61289171d41af3596f5c603951c9a3e0bc82.wav"",""cosine"":0.5917245805309106,""duration_seconds"":6.369041666666667,""emotion_primary"":""生气_angry"",""fid"":""02272cc79883d4f7a8fee676a5cb61289171d41af3596f5c603951c9a3e0bc82"",""text"":""行有眚，无攸利…还真是应了卦象。可恶。"",""text_source"":""filename_candidate_unreviewed""},{""asset_sha256"":""4b12656c1c4053df204d1624f34acea1beda24ee59aaa26d764de407c9cd349f"",""audio_absolute_path"":""audio/4b12656c1c4053df204d1624f34acea1beda24ee59aaa26d764de407c9cd349f.wav"",""audio_relative_path"":""5c/5cb9014a74b95574ff93ea5b92c1aac87f84b84d047a2fb0cebc7c3fc838dbe4.wav"",""audio_url"":""audio/4b12656c1c4053df204d1624f34acea1beda24ee59aaa26d764de407c9cd349f.wav"",""cosine"":0.5825265765974509,""duration_seconds"":5.119979166666667,""emotion_primary"":""难过_sad"",""fid"":""4b12656c1c4053df204d1624f34acea1beda24ee59aaa26d764de407c9cd349f"",""text"":""我…我没事。只是有些头疼。"",""text_source"":""human_review""},{""asset_sha256"":""40ae70e147cffa1752e9d4a25ffab93e2d808c159849f74c5de58f917e307163"",""audio_absolute_path"":""audio/40ae70e147cffa1752e9d4a25ffab93e2d808c159849f74c5de58f917e307163.wav"",""audio_relative_path"":""aa/aacd42c9afeb8638a62f848e5a9cfe28cbeebc2d97b945c90599656e6d638269.wav"",""audio_url"":""audio/40ae70e147cffa1752e9d4a25ffab93e2d808c159849f74c5de58f917e307163.wav"",""cosine"":0.5516462287218684,""duration_seconds"":3.2526041666666665,""emotion_primary"":""生气_angry"",""fid"":""40ae70e147cffa1752e9d4a25ffab93e2d808c159849f74c5de58f917e307163"",""text"":""…可是，「穷观阵」是不会错的。"",""text_source"":""filename_candidate_unreviewed""}]"
speaker_outlier,speaker_embedding,pending_review,False,83b471e85f922ab58c1bf28963a3f58185b9b3091e89cf9ce1e51c7ea97c85f1,83b471e85f922ab58c1bf28963a3f58185b9b3091e89cf9ce1e51c7ea97c85f1,道路，从来就只有一条。,audio/83b471e85f922ab58c1bf28963a3f58185b9b3091e89cf9ce1e51c7ea97c85f1.wav,,,,,0.4178315775262199,,,center_cosine_below_calibrated_threshold|knn_cosine_below_calibrated_threshold,"[{""asset_sha256"":""02272cc79883d4f7a8fee676a5cb61289171d41af3596f5c603951c9a3e0bc82"",""audio_absolute_path"":""audio/02272cc79883d4f7a8fee676a5cb61289171d41af3596f5c603951c9a3e0bc82.wav"",""audio_relative_path"":""9b/9b3534796f57a2c35120423150670d424dcc0233beb0210ebb079afc9c5998dc.wav"",""audio_url"":""audio/02272cc79883d4f7a8fee676a5cb61289171d41af3596f5c603951c9a3e0bc82.wav"",""cosine"":0.6538436674292764,""duration_seconds"":6.369041666666667,""emotion_primary"":""生气_angry"",""fid"":""02272cc79883d4f7a8fee676a5cb61289171d41af3596f5c603951c9a3e0bc82"",""text"":""行有眚，无攸利…还真是应了卦象。可恶。"",""text_source"":""filename_candidate_unreviewed""},{""asset_sha256"":""21118299a84188577b3dc7577f040317e448ed2dd45f4a386790b83103667817"",""audio_absolute_path"":""audio/21118299a84188577b3dc7577f040317e448ed2dd45f4a386790b83103667817.wav"",""audio_relative_path"":""8e/8e8e6186c88fbca3d0ac12f6966bf55d20961098c1916a336f9bb7e480bf9136.wav"",""audio_url"":""audio/21118299a84188577b3dc7577f040317e448ed2dd45f4a386790b83103667817.wav"",""cosine"":0.6470610709476692,""duration_seconds"":6.241,""emotion_primary"":""开心_happy"",""fid"":""21118299a84188577b3dc7577f040317e448ed2dd45f4a386790b83103667817"",""text"":""不过我猜你会回答「人并非机器」「世界不只一条道路」！"",""text_source"":""human_review""},{""asset_sha256"":""c8a4709953dc30d1427d7201d37288576b49fa33d969d5cab61854af3a90e1cf"",""audio_absolute_path"":""audio/c8a4709953dc30d1427d7201d37288576b49fa33d969d5cab61854af3a90e1cf.wav"",""audio_relative_path"":""74/74ed350167834d82001765d5d0ad9bd5c174f0ec4d9c8092f855e36645b9c4c4.wav"",""audio_url"":""audio/c8a4709953dc30d1427d7201d37288576b49fa33d969d5cab61854af3a90e1cf.wav"",""cosine"":0.6269439539816017,""duration_seconds"":9.299979166666667,""emotion_primary"":""生气_angry"",""fid"":""c8a4709953dc30d1427d7201d37288576b49fa33d969d5cab61854af3a90e1cf"",""text"":""如果你还不服气，本座可以拨冗为你演示究竟何为命中注定——用你人类的脑袋所能理解的方式。"",""text_source"":""filename_candidate_unreviewed""},{""asset_sha256"":""c981d56af59d57d21a252302465d80ee11d2587a300e4fc10588421042059361"",""audio_absolute_path"":""audio/c981d56af59d57d21a252302465d80ee11d2587a300e4fc10588421042059361.wav"",""audio_relative_path"":""2d/2d4158f6efa1d3a5aec0cb13851cd8a8c3d0fb164467f49db7d03a821e0dcb9c.wav"",""audio_url"":""audio/c981d56af59d57d21a252302465d80ee11d2587a300e4fc10588421042059361.wav"",""cosine"":0.6259308687964917,""duration_seconds"":9.174979166666667,""emotion_primary"":""生气_angry"",""fid"":""c981d56af59d57d21a252302465d80ee11d2587a300e4fc10588421042059361"",""text"":""青雀！又是你，是你把这些外人带进司部的吗？你把我平日里所立的规矩都当作耳旁风了吗？"",""text_source"":""human_review""},{""asset_sha256"":""75be17ec3b495698f3fa4a247c217fb470f5fb6878d420600e4e054781e6abe4"",""audio_absolute_path"":""audio/75be17ec3b495698f3fa4a247c217fb470f5fb6878d420600e4e054781e6abe4.wav"",""audio_relative_path"":""06/06bfc4a7edba6e8f6d4ecab4cb44467e521b575e829d3b619b90639f7e4984ee.wav"",""audio_url"":""audio/75be17ec3b495698f3fa4a247c217fb470f5fb6878d420600e4e054781e6abe4.wav"",""cosine"":0.6231144115915164,""duration_seconds"":5.227979166666667,""emotion_primary"":""中立_neutral"",""fid"":""75be17ec3b495698f3fa4a247c217fb470f5fb6878d420600e4e054781e6abe4"",""text"":""「太卜被岁阳附体」这件事传出去不好听，我明白了。"",""text_source"":""filename_candidate_unreviewed""}]"
speaker_outlier,speaker_embedding,pending_review,False,3846a4deabe2d2cacdabd72c4a9862405b2f0d9eef40c8986d97c43b4a37514e,3846a4deabe2d2cacdabd72c4a9862405b2f0d9eef40c8986d97c43b4a37514e,…又是我出主意？,audio/3846a4deabe2d2cacdabd72c4a9862405b2f0d9eef40c8986d97c43b4a37514e.wav,,,,,0.3608266332471185,,,center_cosine_below_calibrated_threshold|knn_cosine_below_calibrated_threshold,"[{""asset_sha256"":""d5a6c14e7999c0779a76bc857e27d840bac82e9d8bbed75c5277a41ddbce1b0a"",""audio_absolute_path"":""audio/d5a6c14e7999c0779a76bc857e27d840bac82e9d8bbed75c5277a41ddbce1b0a.wav"",""audio_relative_path"":""e4/e44c7cbf6079746e45c6e56bb3bf13c466d97f9ba069582dba060385771d1aca.wav"",""audio_url"":""audio/d5a6c14e7999c0779a76bc857e27d840bac82e9d8bbed75c5277a41ddbce1b0a.wav"",""cosine"":0.6648903362309817,""duration_seconds"":9.174,""emotion_primary"":""生气_angry"",""fid"":""d5a6c14e7999c0779a76bc857e27d840bac82e9d8bbed75c5277a41ddbce1b0a"",""text"":""不必，本座这儿有将军文告，请看。诸位捕获星核猎手之后，即由太卜司接手审问事宜。"",""text_source"":""filename_candidate_unreviewed""},{""asset_sha256"":""f1a94c9be91b84f0b65a027b417618f371869d1f9d80ada468163c66dbd42250"",""audio_absolute_path"":""audio/f1a94c9be91b84f0b65a027b417618f371869d1f9d80ada468163c66dbd42250.wav"",""audio_relative_path"":""20/208bc141e36d4658e3593a1a1cf3138fe6546e232d5c5e407e6e0f78d5126b82.wav"",""audio_url"":""audio/f1a94c9be91b84f0b65a027b417618f371869d1f9d80ada468163c66dbd42250.wav"",""cosine"":0.658443884404668,""duration_seconds"":3.2974375,""emotion_primary"":""生气_angry"",""fid"":""f1a94c9be91b84f0b65a027b417618f371869d1f9d80ada468163c66dbd42250"",""text"":""你……盯着我干什么？"",""text_source"":""human_review""},{""asset_sha256"":""75bb8edebd85a5bd42ed6ca524936277de38f139a81a90af4618b3a85b33492b"",""audio_absolute_path"":""audio/75bb8edebd85a5bd42ed6ca524936277de38f139a81a90af4618b3a85b33492b.wav"",""audio_relative_path"":""07/071f8dc988add79afaab87a9e2d06029f849024cd4d759c8f89d9715adbb6275.wav"",""audio_url"":""audio/75bb8edebd85a5bd42ed6ca524936277de38f139a81a90af4618b3a85b33492b.wav"",""cosine"":0.6543289761179436,""duration_seconds"":8.456979166666667,""emotion_primary"":""生气_angry"",""fid"":""75bb8edebd85a5bd42ed6ca524936277de38f139a81a90af4618b3a85b33492b"",""text"":""谁、谁说的？咳，我可没说做不到。做不到与「未必」之间，有百万光年的差距。"",""text_source"":""filename_candidate_unreviewed""},{""asset_sha256"":""91819a2166ec39730d75054e52ce9b7ed57f8e00e964dd8750d2fb7a6c28977c"",""audio_absolute_path"":""audio/91819a2166ec39730d75054e52ce9b7ed57f8e00e964dd8750d2fb7a6c28977c.wav"",""audio_relative_path"":""b5/b580fe9a92927c0c415c339ae9b37df4634a4fa6371315b6ecbf9a5607ae1365.wav"",""audio_url"":""audio/91819a2166ec39730d75054e52ce9b7ed57f8e00e964dd8750d2fb7a6c28977c.wav"",""cosine"":0.6456167371309725,""duration_seconds"":8.318875,""emotion_primary"":""生气_angry"",""fid"":""91819a2166ec39730d75054e52ce9b7ed57f8e00e964dd8750d2fb7a6c28977c"",""text"":""平时你却不让，这回突然…明白了，就依你说的办。"",""text_source"":""human_review""},{""asset_sha256"":""143bb656086d798769db75045c9cd92695d9416082dae112f4f6b19b1b75649a"",""audio_absolute_path"":""audio/143bb656086d798769db75045c9cd92695d9416082dae112f4f6b19b1b75649a.wav"",""audio_relative_path"":""c9/c929643775a420979bf1cebc8b706bb7eb7af997e831d706a7d1024ff1c9b7ba.wav"",""audio_url"":""audio/143bb656086d798769db75045c9cd92695d9416082dae112f4f6b19b1b75649a.wav"",""cosine"":0.6408880947990783,""duration_seconds"":8.414,""emotion_primary"":""中立_neutral"",""fid"":""143bb656086d798769db75045c9cd92695d9416082dae112f4f6b19b1b75649a"",""text"":""医士认为，「魔阴身」与记忆有关。长生种虽有极其漫长的寿命，记忆的容量终有极限。"",""text_source"":""filename_candidate_unreviewed""}]"
speaker_outlier,speaker_embedding,pending_review,False,407a6e002c09e9e74c21542fa193588372244e7bae77199cbc2ba17a4fe0cca1,407a6e002c09e9e74c21542fa193588372244e7bae77199cbc2ba17a4fe0cca1,好…好极了。本座这就率军前来汇合。,audio/407a6e002c09e9e74c21542fa193588372244e7bae77199cbc2ba17a4fe0cca1.wav,,,,,0.33326061536911444,,,center_cosine_below_calibrated_threshold,"[{""asset_sha256"":""76820baa8546e6590f31e9110ce3b0b9e27d6599f91f69b1feb6917b013df23b"",""audio_absolute_path"":""audio/76820baa8546e6590f31e9110ce3b0b9e27d6599f91f69b1feb6917b013df23b.wav"",""audio_relative_path"":""f3/f3aab944b92e5d76c959db950e57455d1eb455d6097ebb3fe75b80b07c74e4a5.wav"",""audio_url"":""audio/76820baa8546e6590f31e9110ce3b0b9e27d6599f91f69b1feb6917b013df23b.wav"",""cosine"":0.7094177065909604,""duration_seconds"":9.455979166666667,""emotion_primary"":""生气_angry"",""fid"":""76820baa8546e6590f31e9110ce3b0b9e27d6599f91f69b1feb6917b013df23b"",""text"":""哼，虽然如此…本座心里面还是怕得要死！本座还年轻，不想这么快就坠入魔阴身啊！"",""text_source"":""filename_candidate_unreviewed""},{""asset_sha256"":""ee7227093d571ef08f9d643e7b5120de6715c2e1f743aaf2052625ca34375d8c"",""audio_absolute_path"":""audio/ee7227093d571ef08f9d643e7b5120de6715c2e1f743aaf2052625ca34375d8c.wav"",""audio_relative_path"":""26/268530a7e7bdcc6593bc2e24e487eee5b2525b0b28eeea6af85053ea13332468.wav"",""audio_url"":""audio/ee7227093d571ef08f9d643e7b5120de6715c2e1f743aaf2052625ca34375d8c.wav"",""cosine"":0.694562589682177,""duration_seconds"":8.533,""emotion_primary"":""生气_angry"",""fid"":""ee7227093d571ef08f9d643e7b5120de6715c2e1f743aaf2052625ca34375d8c"",""text"":""那怎么成！景元将云骑交托给我，连身先士卒都做不到，还想继任将军…咳，还想服众吗？"",""text_source"":""filename_candidate_unreviewed""},{""asset_sha256"":""05744752d29cee67d40c426350970cf64e9affa1ed11e7c60534d256e2660884"",""audio_absolute_path"":""audio/05744752d29cee67d40c426350970cf64e9affa1ed11e7c60534d256e2660884.wav"",""audio_relative_path"":""51/515d9b97deb512df46cb13fa0b303c57ab839ddae42e7e8ee0b39b8eb992c8ee.wav"",""audio_url"":""audio/05744752d29cee67d40c426350970cf64e9affa1ed11e7c60534d256e2660884.wav"",""cosine"":0.6930875365241623,""duration_seconds"":6.174979166666667,""emotion_primary"":""生气_angry"",""fid"":""05744752d29cee67d40c426350970cf64e9affa1ed11e7c60534d256e2660884"",""text"":""说起来，青雀，你为什么还在这儿，眼下你不该在书库值勤吗？"",""text_source"":""filename_candidate_unreviewed""},{""asset_sha256"":""8d6e04220aee7d14165068a5bfc3e01ebb1a12a5d5c76b1816a41c089f9acb76"",""audio_absolute_path"":""audio/8d6e04220aee7d14165068a5bfc3e01ebb1a12a5d5c76b1816a41c089f9acb76.wav"",""audio_relative_path"":""71/7156d4f900f57d979b8c13ed0b088c7769bab87f4bb0536c61dd660b24116f5c.wav"",""audio_url"":""audio/8d6e04220aee7d14165068a5bfc3e01ebb1a12a5d5c76b1816a41c089f9acb76.wav"",""cosine"":0.6763968286729185,""duration_seconds"":8.507979166666667,""emotion_primary"":""生气_angry"",""fid"":""8d6e04220aee7d14165068a5bfc3e01ebb1a12a5d5c76b1816a41c089f9acb76"",""text"":""仙舟先民与帝弓同战，毁弃建木，设立「十王司」划定生死，正是为了重新以人类的姿态活下去。"",""text_source"":""human_review""},{""asset_sha256"":""562645beba01f4c0d7a31dfd6608482fb44b3e71e9c8199b40fb3bbc80fdea98"",""audio_absolute_path"":""audio/562645beba01f4c0d7a31dfd6608482fb44b3e71e9c8199b40fb3bbc80fdea98.wav"",""audio_relative_path"":""5c/5cd1cf32106ba020a11579d22fcdad199b1aa4f25676ab6146bbf505a7783c76.wav"",""audio_url"":""audio/562645beba01f4c0d7a31dfd6608482fb44b3e71e9c8199b40fb3bbc80fdea98.wav"",""cosine"":0.6743118579984312,""duration_seconds"":8.060354166666666,""emotion_primary"":""生气_angry"",""fid"":""562645beba01f4c0d7a31dfd6608482fb44b3e71e9c8199b40fb3bbc80fdea98"",""text"":""快去吧。一旦丹炉熄灭，烟气散去，本座立即赶来。"",""text_source"":""filename_candidate_unreviewed""}]"
speaker_outlier,speaker_embedding,pending_review,False,1032d71af7b0928812ecde223e23bacf029cfe0fd94c52deb3ec8be76fb753c5,1032d71af7b0928812ecde223e23bacf029cfe0fd94c52deb3ec8be76fb753c5,哈！荒谬！竟然会有这种事……,audio/1032d71af7b0928812ecde223e23bacf029cfe0fd94c52deb3ec8be76fb753c5.wav,,,,,0.30189236940828157,,,center_cosine_below_calibrated_threshold,"[{""asset_sha256"":""40ae70e147cffa1752e9d4a25ffab93e2d808c159849f74c5de58f917e307163"",""audio_absolute_path"":""audio/40ae70e147cffa1752e9d4a25ffab93e2d808c159849f74c5de58f917e307163.wav"",""audio_relative_path"":""aa/aacd42c9afeb8638a62f848e5a9cfe28cbeebc2d97b945c90599656e6d638269.wav"",""audio_url"":""audio/40ae70e147cffa1752e9d4a25ffab93e2d808c159849f74c5de58f917e307163.wav"",""cosine"":0.7693733730289812,""duration_seconds"":3.2526041666666665,""emotion_primary"":""生气_angry"",""fid"":""40ae70e147cffa1752e9d4a25ffab93e2d808c159849f74c5de58f917e307163"",""text"":""…可是，「穷观阵」是不会错的。"",""text_source"":""filename_candidate_unreviewed""},{""asset_sha256"":""02272cc79883d4f7a8fee676a5cb61289171d41af3596f5c603951c9a3e0bc82"",""audio_absolute_path"":""audio/02272cc79883d4f7a8fee676a5cb61289171d41af3596f5c603951c9a3e0bc82.wav"",""audio_relative_path"":""9b/9b3534796f57a2c35120423150670d424dcc0233beb0210ebb079afc9c5998dc.wav"",""audio_url"":""audio/02272cc79883d4f7a8fee676a5cb61289171d41af3596f5c603951c9a3e0bc82.wav"",""cosine"":0.7636719619334745,""duration_seconds"":6.369041666666667,""emotion_primary"":""生气_angry"",""fid"":""02272cc79883d4f7a8fee676a5cb61289171d41af3596f5c603951c9a3e0bc82"",""text"":""行有眚，无攸利…还真是应了卦象。可恶。"",""text_source"":""filename_candidate_unreviewed""},{""asset_sha256"":""4b12656c1c4053df204d1624f34acea1beda24ee59aaa26d764de407c9cd349f"",""audio_absolute_path"":""audio/4b12656c1c4053df204d1624f34acea1beda24ee59aaa26d764de407c9cd349f.wav"",""audio_relative_path"":""5c/5cb9014a74b95574ff93ea5b92c1aac87f84b84d047a2fb0cebc7c3fc838dbe4.wav"",""audio_url"":""audio/4b12656c1c4053df204d1624f34acea1beda24ee59aaa26d764de407c9cd349f.wav"",""cosine"":0.7464198500769108,""duration_seconds"":5.119979166666667,""emotion_primary"":""难过_sad"",""fid"":""4b12656c1c4053df204d1624f34acea1beda24ee59aaa26d764de407c9cd349f"",""text"":""我…我没事。只是有些头疼。"",""text_source"":""human_review""},{""asset_sha256"":""d3b242d18f6a0f6bb802ed235013a16ad3ee7156eec9c413cf2a9b10444a10cd"",""audio_absolute_path"":""audio/d3b242d18f6a0f6bb802ed235013a16ad3ee7156eec9c413cf2a9b10444a10cd.wav"",""audio_relative_path"":""e6/e68bedef620d82993d50d75889264a6e01658332f62238704b15d90d5e129c35.wav"",""audio_url"":""audio/d3b242d18f6a0f6bb802ed235013a16ad3ee7156eec9c413cf2a9b10444a10cd.wav"",""cosine"":0.737369902155641,""duration_seconds"":6.2026666666666666,""emotion_primary"":""生气_angry"",""fid"":""d3b242d18f6a0f6bb802ed235013a16ad3ee7156eec9c413cf2a9b10444a10cd"",""text"":""卡芙卡与星核无关，倒是你们…居然是你们……"",""text_source"":""filename_candidate_unreviewed""},{""asset_sha256"":""82b02ed99cea826972292a1c2f74323d5e5919b480b14afa8dd60dca7b526026"",""audio_absolute_path"":""audio/82b02ed99cea826972292a1c2f74323d5e5919b480b14afa8dd60dca7b526026.wav"",""audio_relative_path"":""01/012d4557468b390a9b67ce1734413d0de638e397f50698736662bc7b028ab894.wav"",""audio_url"":""audio/82b02ed99cea826972292a1c2f74323d5e5919b480b14afa8dd60dca7b526026.wav"",""cosine"":0.7277626038678979,""duration_seconds"":7.247979166666667,""emotion_primary"":""生气_angry"",""fid"":""82b02ed99cea826972292a1c2f74323d5e5919b480b14afa8dd60dca7b526026"",""text"":""那家伙以仙舟人的样貌潜伏行事，愚弄我等…真是可恶、可恶至极。"",""text_source"":""filename_candidate_unreviewed""}]"
speaker_outlier,speaker_embedding,pending_review,False,1ff8948795a937f583c78fa243192b470df5d87875aa50533f0c3b3d509e771c,1ff8948795a937f583c78fa243192b470df5d87875aa50533f0c3b3d509e771c,只有进攻，没有防御，这便是你的战术吗？,audio/1ff8948795a937f583c78fa243192b470df5d87875aa50533f0c3b3d509e771c.wav,,,,,0.27974765006457347,,,center_cosine_below_calibrated_threshold,"[{""asset_sha256"":""c981d56af59d57d21a252302465d80ee11d2587a300e4fc10588421042059361"",""audio_absolute_path"":""audio/c981d56af59d57d21a252302465d80ee11d2587a300e4fc10588421042059361.wav"",""audio_relative_path"":""2d/2d4158f6efa1d3a5aec0cb13851cd8a8c3d0fb164467f49db7d03a821e0dcb9c.wav"",""audio_url"":""audio/c981d56af59d57d21a252302465d80ee11d2587a300e4fc10588421042059361.wav"",""cosine"":0.8091108070254506,""duration_seconds"":9.174979166666667,""emotion_primary"":""生气_angry"",""fid"":""c981d56af59d57d21a252302465d80ee11d2587a300e4fc10588421042059361"",""text"":""青雀！又是你，是你把这些外人带进司部的吗？你把我平日里所立的规矩都当作耳旁风了吗？"",""text_source"":""human_review""},{""asset_sha256"":""dc7a2be9fc29098e247d722db17c9bd4ad86d9fe6aabb4564cb200c59437b6b6"",""audio_absolute_path"":""audio/dc7a2be9fc29098e247d722db17c9bd4ad86d9fe6aabb4564cb200c59437b6b6.wav"",""audio_relative_path"":""55/55d9cc9cbd3caf0fda9c95b268a0e4d0fa06c232833e6b7a2a0a938b18ef643e.wav"",""audio_url"":""audio/dc7a2be9fc29098e247d722db17c9bd4ad86d9fe6aabb4564cb200c59437b6b6.wav"",""cosine"":0.7996093405585352,""duration_seconds"":9.216979166666667,""emotion_primary"":""生气_angry"",""fid"":""dc7a2be9fc29098e247d722db17c9bd4ad86d9fe6aabb4564cb200c59437b6b6"",""text"":""眼下占卜的工作正进行到重要关头，容不得他人扰乱。就算是十王司的判官，星穹列车的客人，也不得在这儿放肆！"",""text_source"":""human_review""},{""asset_sha256"":""a443df6b10179a3edd925140c90e9ed37eed7031efeaa8e725926dcf91b08954"",""audio_absolute_path"":""audio/a443df6b10179a3edd925140c90e9ed37eed7031efeaa8e725926dcf91b08954.wav"",""audio_relative_path"":""92/9299cb9ac72abe99c3dec44c3b73de9f575a25ebd3cb3cdf1985afa55259279d.wav"",""audio_url"":""audio/a443df6b10179a3edd925140c90e9ed37eed7031efeaa8e725926dcf91b08954.wav"",""cosine"":0.7830937061660116,""duration_seconds"":9.504979166666667,""emotion_primary"":""生气_angry"",""fid"":""a443df6b10179a3edd925140c90e9ed37eed7031efeaa8e725926dcf91b08954"",""text"":""帮助仙舟击败幻胧的这次旅行，想必你深有体会吧？所有的结果早被那位隐于幕后的奴隶书写成了剧本。"",""text_source"":""filename_candidate_unreviewed""},{""asset_sha256"":""c23f461a234c894708a7a71d516822ee2c628680ad9afa43527ccf790e44b609"",""audio_absolute_path"":""audio/c23f461a234c894708a7a71d516822ee2c628680ad9afa43527ccf790e44b609.wav"",""audio_relative_path"":""d5/d5e77a11bacf176f0d4e164e50ba5dd77d224a6a9d91b0226f92fc4df6232aae.wav"",""audio_url"":""audio/c23f461a234c894708a7a71d516822ee2c628680ad9afa43527ccf790e44b609.wav"",""cosine"":0.7785680939270279,""duration_seconds"":4.939979166666666,""emotion_primary"":""开心_happy"",""fid"":""c23f461a234c894708a7a71d516822ee2c628680ad9afa43527ccf790e44b609"",""text"":""用你们的「自由意志」把机巧带出沙盘吧。"",""text_source"":""filename_candidate_unreviewed""},{""asset_sha256"":""c8a4709953dc30d1427d7201d37288576b49fa33d969d5cab61854af3a90e1cf"",""audio_absolute_path"":""audio/c8a4709953dc30d1427d7201d37288576b49fa33d969d5cab61854af3a90e1cf.wav"",""audio_relative_path"":""74/74ed350167834d82001765d5d0ad9bd5c174f0ec4d9c8092f855e36645b9c4c4.wav"",""audio_url"":""audio/c8a4709953dc30d1427d7201d37288576b49fa33d969d5cab61854af3a90e1cf.wav"",""cosine"":0.777289900501641,""duration_seconds"":9.299979166666667,""emotion_primary"":""生气_angry"",""fid"":""c8a4709953dc30d1427d7201d37288576b49fa33d969d5cab61854af3a90e1cf"",""text"":""如果你还不服气，本座可以拨冗为你演示究竟何为命中注定——用你人类的脑袋所能理解的方式。"",""text_source"":""filename_candidate_unreviewed""}]"
